{"best_val_loss": 5.614331332120028, "Trainer/where": 0.002471264367816092, "Trainer/epoch": 0, "Trainer/steps_train": 87}
{"best_val_loss": 4.403977134011009, "Trainer/where": 0.004971264367816091, "Trainer/epoch": 1, "Trainer/steps_train": 174}
{"best_val_loss": 4.16710732199929, "Trainer/where": 0.007471264367816092, "Trainer/epoch": 2, "Trainer/steps_train": 261}
{"best_val_loss": 3.890371149236506, "Trainer/where": 0.009971264367816092, "Trainer/epoch": 3, "Trainer/steps_train": 348}
{"best_val_loss": 3.890371149236506, "Trainer/where": 0.012471264367816093, "Trainer/epoch": 4, "Trainer/steps_train": 435}
{"best_val_loss": 3.890371149236506, "Trainer/where": 0.014971264367816093, "Trainer/epoch": 5, "Trainer/steps_train": 522}
{"best_val_loss": 3.890371149236506, "Trainer/where": 0.017471264367816094, "Trainer/epoch": 6, "Trainer/steps_train": 609}
{"best_val_loss": 3.890371149236506, "Trainer/where": 0.019971264367816093, "Trainer/epoch": 7, "Trainer/steps_train": 696}
{"best_val_loss": 3.890371149236506, "Trainer/where": 0.02247126436781609, "Trainer/epoch": 8, "Trainer/steps_train": 783}
{"best_val_loss": 3.890371149236506, "Trainer/where": 0.024971264367816094, "Trainer/epoch": 9, "Trainer/steps_train": 870}
{"best_val_loss": 3.890371149236506, "Trainer/where": 0.027471264367816092, "Trainer/epoch": 10, "Trainer/steps_train": 957}
{"best_val_loss": 3.890371149236506, "Trainer/where": 0.029971264367816094, "Trainer/epoch": 11, "Trainer/steps_train": 1044}
{"best_val_loss": 3.890371149236506, "Trainer/where": 0.03247126436781609, "Trainer/epoch": 12, "Trainer/steps_train": 1131}
{"best_val_loss": 3.890371149236506, "Trainer/where": 0.03497126436781609, "Trainer/epoch": 13, "Trainer/steps_train": 1218}
{"best_val_loss": 3.890371149236506, "Trainer/where": 0.037471264367816094, "Trainer/epoch": 14, "Trainer/steps_train": 1305}
{"best_val_loss": 3.890371149236506, "Trainer/where": 0.03997126436781609, "Trainer/epoch": 15, "Trainer/steps_train": 1392}
{"best_val_loss": 3.890371149236506, "Trainer/where": 0.04247126436781609, "Trainer/epoch": 16, "Trainer/steps_train": 1479}
{"best_val_loss": 3.890371149236506, "Trainer/where": 0.04497126436781609, "Trainer/epoch": 17, "Trainer/steps_train": 1566}
{"best_val_loss": 3.606191461736506, "Trainer/where": 0.04747126436781609, "Trainer/epoch": 18, "Trainer/steps_train": 1653}
{"best_val_loss": 3.606191461736506, "Trainer/where": 0.04997126436781609, "Trainer/epoch": 19, "Trainer/steps_train": 1740}
{"best_val_loss": 3.606191461736506, "Trainer/where": 0.05247126436781609, "Trainer/epoch": 20, "Trainer/steps_train": 1827}
{"best_val_loss": 3.606191461736506, "Trainer/where": 0.05497126436781609, "Trainer/epoch": 21, "Trainer/steps_train": 1914}
{"best_val_loss": 3.606191461736506, "Trainer/where": 0.05747126436781609, "Trainer/epoch": 22, "Trainer/steps_train": 2001}
{"best_val_loss": 3.606191461736506, "Trainer/where": 0.059971264367816086, "Trainer/epoch": 23, "Trainer/steps_train": 2088}
{"best_val_loss": 3.606191461736506, "Trainer/where": 0.06247126436781609, "Trainer/epoch": 24, "Trainer/steps_train": 2175}
{"best_val_loss": 3.606191461736506, "Trainer/where": 0.06497126436781608, "Trainer/epoch": 25, "Trainer/steps_train": 2262}
{"best_val_loss": 3.606191461736506, "Trainer/where": 0.06747126436781609, "Trainer/epoch": 26, "Trainer/steps_train": 2349}
{"best_val_loss": 3.606191461736506, "Trainer/where": 0.06997126436781609, "Trainer/epoch": 27, "Trainer/steps_train": 2436}
{"best_val_loss": 3.606191461736506, "Trainer/where": 0.07247126436781609, "Trainer/epoch": 28, "Trainer/steps_train": 2523}
{"best_val_loss": 3.606191461736506, "Trainer/where": 0.07497126436781609, "Trainer/epoch": 29, "Trainer/steps_train": 2610}
{"best_val_loss": 3.606191461736506, "Trainer/where": 0.0774712643678161, "Trainer/epoch": 30, "Trainer/steps_train": 2697}
{"best_val_loss": 3.606191461736506, "Trainer/where": 0.07997126436781608, "Trainer/epoch": 31, "Trainer/steps_train": 2784}
{"best_val_loss": 3.606191461736506, "Trainer/where": 0.0824712643678161, "Trainer/epoch": 32, "Trainer/steps_train": 2871}
{"best_val_loss": 3.606191461736506, "Trainer/where": 0.0849712643678161, "Trainer/epoch": 33, "Trainer/steps_train": 2958}
{"best_val_loss": 3.606191461736506, "Trainer/where": 0.0874712643678161, "Trainer/epoch": 34, "Trainer/steps_train": 3045}
{"best_val_loss": 3.606191461736506, "Trainer/where": 0.08997126436781609, "Trainer/epoch": 35, "Trainer/steps_train": 3132}
{"best_val_loss": 3.606191461736506, "Trainer/where": 0.0924712643678161, "Trainer/epoch": 36, "Trainer/steps_train": 3219}
{"best_val_loss": 3.606191461736506, "Trainer/where": 0.0949712643678161, "Trainer/epoch": 37, "Trainer/steps_train": 3306}
{"best_val_loss": 3.606191461736506, "Trainer/where": 0.0974712643678161, "Trainer/epoch": 38, "Trainer/steps_train": 3393}
{"best_val_loss": 3.606191461736506, "Trainer/where": 0.0999712643678161, "Trainer/epoch": 39, "Trainer/steps_train": 3480}
{"best_val_loss": 3.606191461736506, "Trainer/where": 0.1024712643678161, "Trainer/epoch": 40, "Trainer/steps_train": 3567}
{"best_val_loss": 3.606191461736506, "Trainer/where": 0.10497126436781609, "Trainer/epoch": 41, "Trainer/steps_train": 3654}
{"best_val_loss": 3.606191461736506, "Trainer/where": 0.1074712643678161, "Trainer/epoch": 42, "Trainer/steps_train": 3741}
{"best_val_loss": 3.606191461736506, "Trainer/where": 0.1099712643678161, "Trainer/epoch": 43, "Trainer/steps_train": 3828}
{"best_val_loss": 3.606191461736506, "Trainer/where": 0.1124712643678161, "Trainer/epoch": 44, "Trainer/steps_train": 3915}
{"best_val_loss": 3.606191461736506, "Trainer/where": 0.1149712643678161, "Trainer/epoch": 45, "Trainer/steps_train": 4002}
{"best_val_loss": 3.606191461736506, "Trainer/where": 0.1174712643678161, "Trainer/epoch": 46, "Trainer/steps_train": 4089}
{"best_val_loss": 3.606191461736506, "Trainer/where": 0.11997126436781609, "Trainer/epoch": 47, "Trainer/steps_train": 4176}
{"best_val_loss": 3.606191461736506, "Trainer/where": 0.1224712643678161, "Trainer/epoch": 48, "Trainer/steps_train": 4263}
{"best_val_loss": 3.606191461736506, "Trainer/where": 0.1249712643678161, "Trainer/epoch": 49, "Trainer/steps_train": 4350}
{"best_val_loss": 3.606191461736506, "Trainer/where": 0.12747126436781608, "Trainer/epoch": 50, "Trainer/steps_train": 4437}
{"best_val_loss": 3.606191461736506, "Trainer/where": 0.1299712643678161, "Trainer/epoch": 51, "Trainer/steps_train": 4524}
{"best_val_loss": 3.606191461736506, "Trainer/where": 0.1324712643678161, "Trainer/epoch": 52, "Trainer/steps_train": 4611}
{"best_val_loss": 3.606191461736506, "Trainer/where": 0.1349712643678161, "Trainer/epoch": 53, "Trainer/steps_train": 4698}
{"best_val_loss": 3.606191461736506, "Trainer/where": 0.1374712643678161, "Trainer/epoch": 54, "Trainer/steps_train": 4785}
{"best_val_loss": 3.606191461736506, "Trainer/where": 0.1399712643678161, "Trainer/epoch": 55, "Trainer/steps_train": 4872}
{"best_val_loss": 3.606191461736506, "Trainer/where": 0.1424712643678161, "Trainer/epoch": 56, "Trainer/steps_train": 4959}
{"best_val_loss": 3.606191461736506, "Trainer/where": 0.1449712643678161, "Trainer/epoch": 57, "Trainer/steps_train": 5046}
{"best_val_loss": 3.606191461736506, "Trainer/where": 0.1474712643678161, "Trainer/epoch": 58, "Trainer/steps_train": 5133}
{"best_val_loss": 3.606191461736506, "Trainer/where": 0.1499712643678161, "Trainer/epoch": 59, "Trainer/steps_train": 5220}
{"best_val_loss": 3.606191461736506, "Trainer/where": 0.1524712643678161, "Trainer/epoch": 60, "Trainer/steps_train": 5307}
{"best_val_loss": 3.606191461736506, "Trainer/where": 0.1549712643678161, "Trainer/epoch": 61, "Trainer/steps_train": 5394}
{"best_val_loss": 3.606191461736506, "Trainer/where": 0.1574712643678161, "Trainer/epoch": 62, "Trainer/steps_train": 5481}
{"best_val_loss": 3.606191461736506, "Trainer/where": 0.15997126436781609, "Trainer/epoch": 63, "Trainer/steps_train": 5568}
{"best_val_loss": 3.606191461736506,