{"Losses/train_laser_loss": 8.702262115478515, "Losses/train_laser_loss_mask": 0.20852340310811995, "Losses/train_laser_loss_dice": 2.7631994247436524, "Losses/train_laser_loss_iou": 0.8463638484477997, "Losses/train_laser_loss_class": 0.00019146067988913275, "Losses/train_laser_loss_click_transform": 0.46101973950862885, "Losses/train_laser_core_loss": 8.702262115478515, "Trainer/where": 0.0022500000000000003, "Trainer/epoch": 0, "Trainer/steps_train": 10}
{"Losses/train_laser_loss": 6.94937915802002, "Losses/train_laser_loss_mask": 0.1588699646294117, "Losses/train_laser_loss_dice": 2.2685789227485658, "Losses/train_laser_loss_iou": 0.7568294405937195, "Losses/train_laser_loss_class": 1.6819621487229595e-05, "Losses/train_laser_loss_click_transform": 0.37327730655670166, "Losses/train_laser_core_loss": 6.94937915802002, "Trainer/where": 0.00475, "Trainer/epoch": 1, "Trainer/steps_train": 20}
{"Losses/train_laser_loss": 6.223712825775147, "Losses/train_laser_loss_mask": 0.12899719774723054, "Losses/train_laser_loss_dice": 2.2500574827194213, "Losses/train_laser_loss_iou": 0.6694312572479248, "Losses/train_laser_loss_class": 4.588014007822494e-05, "Losses/train_laser_loss_click_transform": 0.3621171146631241, "Losses/train_laser_core_loss": 6.223712825775147, "Trainer/where": 0.0072499999999999995, "Trainer/epoch": 2, "Trainer/steps_train": 30}
{"Losses/train_laser_loss": 5.865299224853516, "Losses/train_laser_loss_mask": 0.12414882779121399, "Losses/train_laser_loss_dice": 2.0790942668914796, "Losses/train_laser_loss_iou": 0.6318047314882278, "Losses/train_laser_loss_class": 5.676575233337644e-06, "Losses/train_laser_loss_click_transform": 0.33570903837680816, "Losses/train_laser_core_loss": 5.865299224853516, "Trainer/where": 0.00975, "Trainer/epoch": 3, "Trainer/steps_train": 40}
{"Losses/train_laser_loss": 5.652167320251465, "Losses/train_laser_loss_mask": 0.1254505433142185, "Losses/train_laser_loss_dice": 1.9159842729568481, "Losses/train_laser_loss_iou": 0.6048724085092545, "Losses/train_laser_loss_class": 2.694867657737632e-06, "Losses/train_laser_loss_click_transform": 0.3111485570669174, "Losses/train_laser_core_loss": 5.652167320251465, "Trainer/where": 0.01225, "Trainer/epoch": 4, "Trainer/steps_train": 50}
{"Losses/train_laser_loss": 5.241073417663574, "Losses/train_laser_loss_mask": 0.11583081930875778, "Losses/train_laser_loss_dice": 1.8009632587432862, "Losses/train_laser_loss_iou": 0.6043479025363923, "Losses/train_laser_loss_class": 2.2024615566351714e-05, "Losses/train_laser_loss_click_transform": 0.2595619037747383, "Losses/train_laser_core_loss": 5.241073417663574, "Trainer/where": 0.014750000000000001, "Trainer/epoch": 5, "Trainer/steps_train": 60}
{"Losses/train_laser_loss": 5.031690549850464, "Losses/train_laser_loss_mask": 0.10472432374954224, "Losses/train_laser_loss_dice": 1.8114811897277832, "Losses/train_laser_loss_iou": 0.57181356549263, "Losses/train_laser_loss_class": 6.557865083323122e-06, "Losses/train_laser_loss_click_transform": 0.2769513428211212, "Losses/train_laser_core_loss": 5.031690549850464, "Trainer/where": 0.01725, "Trainer/epoch": 6, "Trainer/steps_train": 70}
